{
"Comment":"Last updated: 07/12/2020",
"copyright":"© 2020 Allterco Robotics US",
"author":"Scott Grayban",
"icon":"<img src='https://github.com/ShellyUSA/Hubitat-Drivers/raw/master/resources/Shelly.png' width='20' height='20'>",
"versions":{
"Application":{
"ExampleApp1":"1.4.0"
	},

"Driver":{
"ShellyAsARoller":"2.0.2",
"ShellyAsASwitch":"3.0.10",
"ShellyBulb":"2.1.5",
"ShellyHTMQTT":"3.1.3",
"ShellyRGBW":"1.5.7",
"Shellyrgbw2Plus":"BETA",
"ShellyDimmer":"BETA",
"ShellyAlarm":"1.0.2",
"ShellyVintage":"1.0.0",
"ShellyDuo":"1.0.0",
"ShellyRGBWhite":"1.0.1",
"ShellyContactMQTT":"1.0.1",
"ShellyButton1MQTT":"1.0.0",
"ShellyGas":"1.0.0",
"ShellyMotion":"1.1.1",
"Shelly4pm":"1.0.2",
"ShellyPlus":"1.0.2",
"ShellyGU10":"1.0.1",
"ShellyPlusH&T":"1.0.1",
"ShellyPlusDimmer":"1.0.1",
"ShellySmoke":"1.0.0"
	},

"UpdateInfo":{
"Application":{
"ExampleApp1":"<b>Update Information: </b> Updated: 08/08/2018 - Fixed typo"
	},

"Driver":{
"ShellyAsARoller":"<br>- Fixed login bug",
"ShellyAsASwitch":"<br>- Fix external temp reading (diondp)",
"ShellyBulb":"<br>- Fixes for proper HUE commands (tomw)",
"ShellyHTMQTT":"<br> - Change the names of inputs for MQTT Username and Password to avoid conflict with API Shelly username and password.",
"ShellyRGBW":"<br>- Fixes for proper HUE commands (tomw)",
"Shellyrgbw2Plus":"<br>- BETA",
"ShellyDimmer":"<br>- Added code that will allow you to upgrade the device firmware.",
"ShellyAlarm":"<br>- Added code that will allow you to upgrade the device firmware.",
"ShellyVintage":"<br>- Initial release.",
"ShellyDuo":"<br>- Initial release.",
"ShellyRGBWhite":"<br>- See https://github.com/ShellyUSA/Hubitat-Drivers/pull/3 for changes.",
"ShellyContactMQTT":"<br>- Change the names of inputs for MQTT Username and Password to avoid conflict with API Shelly username and password.",
"ShellyButton1MQTT":"<br>- New device.",
"ShellyGas":"<br>- Initial release.",
"ShellyMotion":"<br>- Show device IP in data section.",
"Shelly4pm":"<br>- Driver name change. Use ShellyPlus.groovy now",
"ShellyPlus":"<br>- Driver name change from Shelly4pm to ShellyPlus.<br>- Use ShellyPlus.groovy driver now",
"ShellyGU10":"<br>- Change in color lighteffects code. Change how dbCleanUp works.",
"ShellyPlusH&T":"Added unit for dashboard temps/humidity.<br>- Fixed battery/voltage readings GH PR#22",
"ShellyPlusDimmer":"Fixed channel number issues",
"ShellySmoke":"<br>- Initial release."
	}
     }
  }
}
