{
  "packageName": "Shelly Webhook/Websocket Drivers",
  "author": "ShellyUSA, Daniel Winks",
  "version": "0.0.1",
  "releaseNotes": "0.0.1: Prerelease of 'Shelly Plug US' Driver",
  "minimumHEVersion": "2.3.7.114",
  "dateReleased": "2024-02-10",
  "licenseFile": "https://raw.githubusercontent.com/ShellyUSA/Hubitat-Drivers/master/LICENSE",
  "gitHubUrl": "https://github.com/ShellyUSA/Hubitat-Drivers",
  "payPalUrl": "https://paypal.me/winksd?country.x=US&locale.x=en_US",
  "bundles": [
    {
      "id": "55d66a6b-1e7b-46ef-aae0-9491ee6e4009",
      "name": "ShellyUSA Driver Library",
      "namespace": "ShellyUSA",
      "location": "https://github.com/ShellyUSA/Hubitat-Drivers/raw/master/ShellyDriverLibrary/ShellyUSA_Driver_Library.zip",
      "required": true
    }
  ],
  "drivers": [
    {
      "id": "ccc859a9-4be3-45d4-bc09-9fa393a4fd3e",
      "name": "Shelly Plug US",
      "namespace": "ShellyUSA",
      "location": "https://raw.githubusercontent.com/ShellyUSA/Hubitat-Drivers/master/WebhookWebsocket/ShellyPlugUS.groovy",
      "required": false
    },
    {
      "id": "4c1c0bb2-175e-4a28-9f57-7c1503382d3c",
      "name": "Shelly H&T (gen 2 and 3)",
      "namespace": "ShellyUSA",
      "location": "https://raw.githubusercontent.com/ShellyUSA/Hubitat-Drivers/master/WebhookWebsocket/ShellyPlusH%26T.groovy",
      "required": false
    },
    {
      "id": "d85b455a-37a7-4cdd-b619-ea5ca6057152",
      "name": "Shelly Motion 2",
      "namespace": "ShellyUSA",
      "location": "https://raw.githubusercontent.com/ShellyUSA/Hubitat-Drivers/master/WebhookWebsocket/ShellyMotion2.groovy",
      "required": false
    },
    {
      "id": "3ac0da6f-7d13-4ef8-83c3-37762d31a618",
      "name": "Shelly Button 1",
      "namespace": "ShellyUSA",
      "location": "https://raw.githubusercontent.com/ShellyUSA/Hubitat-Drivers/master/WebhookWebsocket/ShellyButton1.groovy",
      "required": false
    }
  ]
}